no,date,km,t,s
1,2001-01-11,5,00:32:24,1944
2,2001-01-14,8,00:46:48,2808
3,2001-01-20,8,00:44:25,2665
4,2001-02-07,3.5,00:21:16,1276
5,2001-02-10,8,00:49:23,2963
6,2001-02-11,3.5,00:33:06,1986
7,2001-02-18,8,00:51:10,3070
8,2001-03-28,7,00:42:04,2524
9,2001-03-31,8,00:47:50,2870
10,2001-04-11,8,00:48:40,2920
11,2001-04-13,8,00:49:24,2964
12,2001-04-14,21,02:13:21,8001
13,2001-04-16,14,01:50:05,6605
14,2001-04-25,8,00:43:27,2607
15,2001-05-03,4,00:24:52,1492
16,2001-05-07,14,01:33:54,5634
17,2001-05-16,16,01:50:27,6627
18,2001-05-24,8,00:41:22,2482
19,2001-06-02,22.5,02:21:28,8488
20,2001-06-08,42.195,04:55:38,17738
21,2001-06-11,2,00:20:00,1200
22,2001-06-25,7.7,00:53:41,3221
23,2001-06-26,17.3,01:46:49,6409
24,2001-07-10,5.5,00:45:30,2730
25,2001-07-11,7,00:54:36,3276
26,2001-07-12,6,00:49:35,2975
27,2001-07-14,6.5,00:56:30,3390
28,2001-07-17,8,01:04:31,3871
29,2001-07-18,5,00:45:00,2700
30,2001-08-01,5,00:33:46,2026
31,2001-08-07,5,00:28:56,1736
32,2001-08-08,2,00:15:35,935
33,2001-08-13,8,00:45:49,2749
34,2001-08-14,13,01:29:20,5360
35,2001-08-21,8,00:54:33,3273
36,2001-09-02,13,01:20:11,4811
37,2001-09-02,8,00:52:50,3170
38,2001-09-09,5,00:29:42,1782
39,2001-09-16,14,01:29:50,5390
40,2001-09-23,7,00:44:31,2671
41,2001-09-25,7,00:40:02,2402
42,2001-10-01,8,00:42:36,2556
43,2001-10-02,5,00:27:41,1661
44,2001-10-03,8,00:48:04,2884
45,2001-10-10,8,00:42:59,2579
46,2001-10-14,10,00:50:40,3040
47,2001-10-20,5,00:28:16,1696
48,2001-10-27,13,01:23:22,5002
49,2001-11-01,10,01:02:27,3747
50,2001-11-09,8,00:48:34,2914
51,2001-11-12,8,00:46:00,2760
52,2001-11-18,5,00:35:02,2102
53,2001-11-23,6,00:44:20,2660
54,2001-12-02,5,00:30:48,1848
55,2001-12-07,5,00:29:29,1769
56,2001-12-12,5,00:31:15,1875
57,2001-12-14,8,00:45:31,2731
58,2001-12-21,8,00:48:41,2921
59,2001-12-25,5,00:29:34,1774
60,2001-12-30,8,00:45:19,2719
1,2002-01-01,5,00:32:39,1959
2,2002-01-05,5,00:51:51,3111
3,2002-01-18,7,00:42:50,2570
4,2002-01-18,7,00:46:34,2794
5,2002-01-25,8,00:54:07,3247
6,2002-02-07,8,00:47:19,2839
7,2002-02-11,8,00:46:43,2803
8,2002-02-13,8,00:46:30,2790
9,2002-03-07,7,00:44:46,2686
10,2002-03-07,7,00:49:12,2952
11,2002-03-29,7,00:45:13,2713
12,2002-03-29,10,01:14:55,4495
13,2002-04-09,8,00:49:42,2982
14,2002-04-11,5,00:36:14,2174
15,2002-04-12,8,00:42:35,2555
16,2002-04-13,8,00:57:12,3432
17,2002-04-16,8,00:46:35,2795
18,2002-04-17,7,00:51:53,3113
19,2002-04-17,7,00:59:14,3554
20,2002-04-21,5,00:30:23,1823
21,2002-04-23,8,00:43:37,2617
22,2002-04-27,22.5,02:24:31,8671
23,2002-05-11,8,00:46:38,2798
24,2002-05-12,7,00:40:05,2405
25,2002-05-12,7,00:44:01,2641
26,2002-05-13,8,00:52:10,3130
27,2002-05-15,7,00:46:27,2787
28,2002-05-18,8,00:53:03,3183
29,2002-05-26,8,01:08:59,4139
30,2002-05-27,7,00:42:47,2567
31,2002-05-27,7,00:41:51,2511
32,2002-06-08,42.195,05:11:22,18682
33,2002-06-16,5,00:43:53,2633
34,2002-06-18,9,01:05:25,3925
35,2002-07-16,9,00:58:44,3524
36,2002-07-21,8,00:54:00,3240
37,2002-07-25,9,00:51:49,3109
38,2002-07-30,7,00:38:29,2309
39,2002-08-06,12,01:13:44,4424
40,2002-08-14,8,00:51:43,3103
41,2002-08-18,14,01:23:41,5021
42,2002-08-23,5,00:32:05,1925
43,2002-09-02,12,01:18:38,4718
44,2002-09-28,13,01:30:20,5420
45,2002-10-07,12,01:08:39,4119
46,2002-10-09,5,00:32:35,1955
47,2002-10-16,12,01:12:27,4347
48,2002-12-04,6,00:38:00,2280
49,2002-12-08,12,01:15:36,4536
50,2002-12-11,12,01:12:39,4359
51,2002-12-17,12,01:07:13,4033
52,2002-12-31,12,01:13:09,4389
1,2003-01-04,11,01:13:37,4417
2,2003-01-10,11,01:07:41,4061
3,2003-01-16,11,01:18:55,4735
4,2003-02-03,5,00:38:00,2280
5,2003-02-10,11,01:14:25,4465
6,2003-02-17,11,01:19:19,4759
7,2003-03-01,11,01:20:56,4856
8,2003-03-03,11,01:07:59,4079
9,2003-03-10,11,01:07:47,4067
10,2003-03-13,11,01:05:12,3912
11,2003-03-15,11,01:04:30,3870
12,2003-03-19,11,01:04:27,3867
13,2003-03-27,11,01:12:33,4353
14,2003-04-06,6,00:36:00,2160
15,2003-04-21,13,01:55:44,6944
16,2003-04-25,11,01:11:20,4280
17,2003-05-14,11,01:09:06,4146
18,2003-05-16,11,01:11:14,4274
19,2003-05-19,11,01:06:48,4008
20,2003-05-27,11,01:14:07,4447
21,2003-06-13,3,00:20:00,1200
22,2003-07-04,11,01:15:05,4505
23,2003-07-06,10,00:58:02,3482
24,2003-07-13,5,00:28:00,1680
25,2003-07-29,15,01:27:57,5277
26,2003-08-04,11,01:10:57,4257
27,2003-08-09,9,01:00:00,3600
28,2003-08-28,11,01:19:18,4758
29,2003-09-15,11,01:07:17,4037
30,2003-10-02,11,01:07:38,4058
31,2003-10-11,7,00:43:00,2580
32,2003-10-24,11,01:06:53,4013
33,2003-11-03,11,01:11:50,4310
34,2003-11-10,12,01:50:38,6638
35,2003-11-15,11,01:04:48,3888
36,2003-12-07,11,01:16:24,4584
37,2003-12-10,11,01:08:37,4117
38,2003-12-16,11,01:11:49,4309
39,2003-12-28,11,01:10:41,4241
1,2004-01-09,11,01:10:52,4252
2,2004-01-18,11,01:09:01,4141
3,2004-01-30,11,01:11:03,4263
4,2004-01-31,11,01:19:09,4749
5,2004-02-02,11,01:08:25,4105
6,2004-02-14,11,01:08:53,4133
7,2004-02-19,10,00:59:55,3595
8,2004-02-28,11,01:13:28,4408
9,2004-03-01,11,01:01:37,3697
10,2004-03-15,11,01:11:12,4272
11,2004-03-18,11,01:09:29,4169
12,2004-03-20,19,02:05:46,7546
13,2004-03-23,11,01:08:41,4121
14,2004-03-26,11,01:06:09,3969
15,2004-03-28,11,00:59:47,3587
16,2004-03-30,11,01:02:51,3771
17,2004-04-01,19,01:53:59,6839
18,2004-04-04,6,00:42:59,2579
19,2004-04-10,11,01:04:13,3853
20,2004-04-22,7,00:39:03,2343
21,2004-04-26,11,01:06:42,4002
22,2004-04-27,11,01:05:18,3918
23,2004-04-30,8,00:45:39,2739
24,2004-05-18,11,01:10:00,4200
25,2004-06-12,11,01:08:08,4088
26,2004-07-03,11,01:05:55,3955
27,2004-07-07,11,01:04:50,3890
28,2004-07-09,11,01:07:33,4053
29,2004-07-14,11,01:07:12,4032
30,2004-07-17,10,01:00:28,3628
31,2004-07-20,11,01:08:43,4123
32,2004-07-27,11,01:03:56,3836
33,2004-07-30,11,01:05:59,3959
34,2004-08-02,11,01:06:38,3998
35,2004-08-21,8,00:52:21,3141
36,2004-08-29,13,01:12:46,4366
37,2004-09-19,12,01:14:08,4448
38,2004-10-02,11,01:03:59,3839
39,2004-10-16,5.35,00:30:01,1801
40,2004-11-03,14,01:29:17,5357
41,2004-11-07,10,00:51:10,3070
42,2004-11-13,8,00:47:19,2839
43,2004-11-14,13,01:20:57,4857
44,2004-12-04,11,01:06:07,3967
45,2004-12-24,10,01:02:01,3721
46,2004-12-28,10,01:00:17,3617
1,2005-01-02,13,01:24:34,5074
2,2005-01-05,10,01:04:17,3857
3,2005-01-13,10,00:56:14,3374
4,2005-01-20,13,01:20:44,4844
5,2005-01-25,13,01:21:25,4885
6,2005-02-03,13,01:16:36,4596
7,2005-02-07,14,01:33:21,5601
8,2005-02-11,13,01:20:34,4834
9,2005-02-14,13,01:17:29,4649
10,2005-02-19,14,01:35:25,5725
11,2005-02-27,14,01:32:39,5559
12,2005-03-14,14,01:26:54,5214
13,2005-03-31,13,01:20:50,4850
14,2005-04-05,13,01:18:14,4694
15,2005-04-11,13,01:18:18,4698
16,2005-04-16,13,01:15:13,4513
17,2005-04-25,13,01:24:18,5058
18,2005-04-30,13,01:22:55,4975
19,2005-05-07,8,00:45:08,2708
20,2005-05-20,13,01:19:16,4756
21,2005-05-22,8,00:50:17,3017
22,2005-05-30,13,01:18:31,4711
23,2005-06-11,13,01:19:19,4759
24,2005-06-15,13,01:22:58,4978
25,2005-06-18,14,01:25:23,5123
26,2005-06-19,13,01:20:07,4807
27,2005-06-24,3,00:13:10,790
28,2005-06-27,14,01:30:24,5424
29,2005-06-28,10,01:03:13,3793
30,2005-07-02,10,00:59:07,3547
31,2005-07-04,13,01:13:06,4386
32,2005-07-08,9,00:53:20,3200
33,2005-07-09,13,01:15:59,4559
34,2005-07-10,13,01:22:31,4951
35,2005-07-13,13,01:26:55,5215
36,2005-08-07,6,00:38:00,2280
37,2005-08-09,11,01:09:17,4157
38,2005-08-19,13,01:15:31,4531
39,2005-08-24,10,00:56:56,3416
40,2005-08-30,11,01:09:30,4170
41,2005-09-09,13,01:11:23,4283
42,2005-09-12,8,00:44:27,2667
43,2005-09-13,13,01:09:39,4179
44,2005-09-23,11,01:06:07,3967
45,2005-09-27,13,01:08:46,4126
46,2005-09-29,13,01:07:08,4028
47,2005-10-01,21,02:07:19,7639
48,2005-10-04,12,01:05:50,3950
49,2005-10-07,13,01:06:29,3989
50,2005-10-15,10,00:59:15,3555
51,2005-10-23,13,01:09:39,4179
52,2005-10-25,13,01:09:31,4171
53,2005-10-28,13,01:11:28,4288
54,2005-10-31,13,01:09:30,4170
55,2005-11-08,9,00:53:08,3188
56,2005-11-12,13,01:15:38,4538
57,2005-11-18,9,00:54:02,3242
58,2005-11-27,13,01:14:34,4474
59,2005-11-30,11,01:03:31,3811
60,2005-12-02,11,01:02:30,3750
61,2005-12-03,13,01:09:51,4191
62,2005-12-11,12,01:08:59,4139
63,2005-12-13,11,01:03:42,3822
64,2005-12-15,13,01:24:30,5070
65,2005-12-17,13,01:11:35,4295
66,2005-12-21,13,01:12:06,4326
67,2005-12-23,13,01:15:10,4510
1,2006-01-01,8,00:49:34,2974
2,2006-01-02,8,00:49:27,2967
3,2006-01-08,13,01:13:44,4424
4,2006-01-10,13,01:11:31,4291
5,2006-01-26,13,01:13:47,4427
6,2006-01-30,13,01:11:29,4289
7,2006-02-01,13,01:11:11,4271
8,2006-02-02,13,01:14:17,4457
9,2006-02-07,13,01:20:35,4835
10,2006-02-15,13,01:19:14,4754
11,2006-02-17,11,01:05:17,3917
12,2006-02-26,11,01:06:54,4014
13,2006-03-01,13,01:15:14,4514
14,2006-03-07,13,01:16:10,4570
15,2006-03-10,11,01:08:13,4093
16,2006-03-15,6,00:36:01,2161
17,2006-03-21,13,01:16:12,4572
18,2006-04-03,13,01:16:23,4583
19,2006-04-12,13,01:08:44,4124
20,2006-04-14,13,01:10:54,4254
21,2006-04-22,5,00:27:40,1660
22,2006-04-27,9,00:51:14,3074
23,2006-04-30,13,01:13:11,4391
24,2006-05-05,13,01:16:06,4566
25,2006-05-10,7,00:39:38,2378
26,2006-05-20,13,01:09:01,4141
27,2006-06-04,11.6,01:07:34,4054
28,2006-06-07,6,00:33:47,2027
29,2006-06-08,7,00:36:00,2160
30,2006-06-28,13,01:15:29,4529
31,2006-07-04,11.6,01:06:51,4011
32,2006-07-12,11,01:07:22,4042
33,2006-07-23,13,01:19:44,4784
34,2006-07-31,8,00:41:26,2486
35,2006-08-01,8,00:43:42,2622
36,2006-08-05,13,01:16:40,4600
37,2006-08-06,13,01:19:25,4765
38,2006-08-06,5,00:33:04,1984
39,2006-08-16,13,01:18:50,4730
40,2006-08-29,11.6,01:05:43,3943
41,2006-09-02,11.79,01:05:53,3953
42,2006-09-08,11.79,01:03:37,3817
43,2006-09-11,11.79,01:06:34,3994
44,2006-09-23,11.79,01:05:19,3919
45,2006-09-26,11.79,01:05:52,3952
46,2006-10-02,11.79,01:05:56,3956
47,2006-10-05,6,00:31:58,1918
48,2006-10-15,11.79,01:13:01,4381
49,2006-10-21,13,01:11:01,4261
50,2006-10-26,11.79,01:08:42,4122
51,2006-10-31,11.79,01:03:46,3826
52,2006-11-19,11.79,01:05:57,3957
53,2006-11-21,11.79,01:10:04,4204
54,2006-11-26,11.6,01:09:55,4195
55,2006-12-02,11.79,01:06:52,4012
56,2006-12-06,11.79,01:07:39,4059
57,2006-12-08,11.79,01:07:55,4075
58,2006-12-15,11.79,01:07:11,4031
59,2006-12-20,11.79,01:06:16,3976
60,2006-12-30,11.6,01:09:46,4186
1,2007-01-07,11.86,01:08:52,4132
2,2007-01-12,6,00:40:02,2402
3,2007-01-15,8,00:48:02,2882
4,2007-01-19,11.86,01:08:03,4083
5,2007-01-23,11.86,01:09:44,4184
6,2007-01-26,11.86,01:09:22,4162
7,2007-02-01,13,01:17:31,4651
8,2007-02-03,11.6,01:12:22,4342
9,2007-02-08,11.86,01:03:58,3838
10,2007-02-10,10.29,00:58:20,3500
11,2007-03-03,11.79,01:06:59,4019
12,2007-03-13,11.79,01:06:00,3960
13,2007-03-14,11.79,01:09:24,4164
14,2007-03-19,11.79,01:05:46,3946
15,2007-03-20,5.43,00:31:35,1895
16,2007-03-24,11.79,01:08:53,4133
17,2007-03-25,16.13,01:43:15,6195
18,2007-03-28,11.79,01:03:30,3810
19,2007-04-01,11.79,01:08:32,4112
20,2007-04-05,11.6,01:10:26,4226
21,2007-04-06,11.6,01:07:26,4046
22,2007-04-07,11.6,01:07:59,4079
23,2007-04-08,11.6,01:10:40,4240
24,2007-04-09,11.6,01:10:04,4204
25,2007-04-10,11.79,01:06:05,3965
26,2007-04-13,11.79,01:08:19,4099
27,2007-04-16,11.79,01:05:19,3919
28,2007-04-20,8.67,00:49:00,2940
29,2007-04-21,8,00:45:36,2736
30,2007-04-29,11.79,01:04:48,3888
31,2007-04-30,11.79,01:04:42,3882
32,2007-05-01,12.99,01:14:58,4498
33,2007-05-03,11.79,00:58:38,3518
34,2007-05-10,11.79,01:07:14,4034
35,2007-05-12,11.79,01:06:12,3972
36,2007-05-13,11.79,01:07:29,4049
37,2007-05-14,11.79,01:07:54,4074
38,2007-05-21,11.79,01:07:45,4065
39,2007-05-23,11.79,01:05:35,3935
40,2007-05-24,11.79,01:05:25,3925
41,2007-05-25,11.79,01:05:14,3914
42,2007-06-01,13,01:10:32,4232
43,2007-06-04,11.6,01:08:09,4089
44,2007-06-05,11.6,01:07:15,4035
45,2007-06-06,11.6,01:05:43,3943
46,2007-06-09,11.6,01:03:57,3837
47,2007-06-10,11.79,01:02:32,3752
48,2007-06-14,11.79,01:04:03,3843
49,2007-06-17,11.79,01:02:49,3769
50,2007-06-19,11.79,01:02:53,3773
51,2007-06-20,11.79,01:05:15,3915
52,2007-06-25,11.79,01:07:15,4035
53,2007-06-27,11.79,01:00:53,3653
54,2007-06-29,11.79,01:01:49,3709
55,2007-07-01,11.79,01:06:09,3969
56,2007-07-06,11.79,01:04:27,3867
57,2007-07-17,11.79,01:08:42,4122
58,2007-07-24,9.42,00:49:29,2969
59,2007-07-25,8,00:45:40,2740
60,2007-07-26,9.1,00:48:31,2911
61,2007-07-30,9.59,00:52:19,3139
62,2007-08-01,11.79,01:04:54,3894
63,2007-08-06,11.79,00:59:45,3585
64,2007-08-21,11.79,01:04:23,3863
65,2007-08-22,11.79,01:03:32,3812
66,2007-08-27,11.79,01:05:21,3921
67,2007-08-29,11.6,01:07:03,4023
68,2007-08-30,11.6,01:06:28,3988
69,2007-09-01,11.6,01:06:49,4009
70,2007-09-02,11.6,01:15:45,4545
71,2007-09-03,11.6,01:04:12,3852
72,2007-09-05,11.6,01:03:09,3789
73,2007-09-06,11.6,01:03:19,3799
74,2007-09-07,11.79,01:02:45,3765
75,2007-09-16,11.79,00:58:24,3504
76,2007-09-21,10.2,00:53:32,3212
77,2007-09-23,13.05,01:10:52,4252
78,2007-09-27,11.79,01:03:28,3808
79,2007-09-29,11.79,01:00:32,3632
80,2007-10-01,11.79,00:59:41,3581
81,2007-10-03,11.79,00:58:31,3511
82,2007-10-06,11.79,01:02:31,3751
83,2007-10-07,11.79,01:01:11,3671
84,2007-10-08,11.79,01:02:36,3756
85,2007-10-10,11.79,01:01:49,3709
86,2007-10-16,11.79,01:03:50,3830
87,2007-10-21,11.79,01:00:24,3624
88,2007-10-24,11.79,01:02:29,3749
89,2007-10-26,13.2,01:12:13,4333
90,2007-10-27,11.6,01:02:09,3729
91,2007-11-02,11.79,01:02:46,3766
92,2007-11-05,11.79,01:04:36,3876
93,2007-11-08,11.79,01:02:52,3772
94,2007-11-10,11.79,01:01:56,3716
95,2007-11-12,11.79,01:03:25,3805
96,2007-11-16,11.79,01:01:08,3668
97,2007-11-18,23.58,02:16:55,8215
98,2007-11-22,11.79,01:02:49,3769
99,2007-11-25,11.79,01:03:54,3834
100,2007-11-27,11.79,01:05:07,3907
101,2007-12-01,11.6,01:06:26,3986
102,2007-12-03,15,01:30:03,5403
103,2007-12-06,11.79,01:04:48,3888
104,2007-12-13,11.79,01:05:24,3924
105,2007-12-15,11.79,01:02:01,3721
106,2007-12-16,11.79,01:00:12,3612
107,2007-12-22,11.79,01:04:09,3849
108,2007-12-28,11.6,01:06:25,3985
1,2008-01-03,11.86,01:05:30,3930
2,2008-01-05,11.86,01:02:06,3726
3,2008-01-09,11.86,01:01:21,3681
4,2008-01-10,11.86,01:03:25,3805
5,2008-01-13,11.86,01:02:26,3746
6,2008-01-17,7,00:35:52,2152
7,2008-01-21,11.86,01:04:25,3865
8,2008-01-26,11.6,01:06:32,3992
9,2008-01-28,11.86,01:05:10,3910
10,2008-01-29,6.8,00:36:36,2196
11,2008-02-02,11.86,01:04:21,3861
12,2008-02-09,11.86,01:04:28,3868
13,2008-02-14,11.86,01:03:27,3807
14,2008-02-16,11.86,01:04:31,3871
15,2008-02-19,11.86,01:04:16,3856
16,2008-02-24,11.86,01:02:54,3774
17,2008-02-25,11.86,01:03:28,3808
18,2008-02-27,11.86,01:00:44,3644
19,2008-02-28,11.86,01:03:55,3835
20,2008-03-01,11.86,01:04:16,3856
21,2008-03-02,11.86,01:03:05,3785
22,2008-03-08,11.6,01:05:08,3908
23,2008-03-11,1.9,00:10:26,626
24,2008-03-12,5.8,00:31:04,1864
25,2008-03-13,3,00:16:39,999
26,2008-03-15,11.86,01:03:47,3827
27,2008-03-16,11.86,00:59:59,3599
28,2008-03-17,9.3,00:49:51,2991
29,2008-03-18,3.8,00:21:29,1289
30,2008-03-21,11.86,01:00:34,3634
31,2008-03-30,11.86,01:01:41,3701
32,2008-04-05,11.86,01:04:18,3858
33,2008-04-06,11.86,00:59:58,3598
34,2008-04-07,11.86,01:04:09,3849
35,2008-04-10,8.5,00:45:03,2703
36,2008-04-12,10.08,01:00:23,3623
37,2008-04-14,9.6,00:53:53,3233
38,2008-04-15,8.1,00:43:44,2624
39,2008-04-16,8.1,00:43:13,2593
40,2008-04-20,6,00:29:58,1798
41,2008-04-24,8.5,00:45:05,2705
42,2008-04-25,11.86,01:00:22,3622
43,2008-04-27,11.86,01:00:54,3654
44,2008-05-02,11.6,01:02:50,3770
45,2008-05-03,11.6,01:02:49,3769
46,2008-05-06,9.4,00:53:00,3180
47,2008-05-10,11.6,01:05:47,3947
48,2008-05-11,11.6,01:06:45,4005
49,2008-05-17,11.6,01:04:32,3872
50,2008-05-20,11.86,01:00:52,3652
51,2008-05-29,11.86,01:04:06,3846
52,2008-05-30,11.86,01:01:51,3711
53,2008-05-30,11.86,01:05:39,3939
54,2008-06-03,11.86,01:01:39,3699
55,2008-06-06,11.86,01:00:58,3658
56,2008-06-09,11.86,01:00:38,3638
57,2008-06-11,11.86,01:01:30,3690
58,2008-06-15,11.6,01:00:40,3640
59,2008-06-19,11.6,01:01:36,3696
60,2008-06-22,11.86,01:05:50,3950
61,2008-06-23,11.86,01:05:06,3906
62,2008-06-24,11.86,01:03:11,3791
63,2008-06-25,11.86,01:05:17,3917
64,2008-06-29,21,01:46:05,6365
65,2008-07-01,11.86,01:04:08,3848
66,2008-07-02,11.86,01:04:11,3851
67,2008-07-05,10.8,00:51:45,3105
68,2008-07-08,11.86,01:01:17,3677
69,2008-07-11,11.86,01:04:14,3854
70,2008-07-19,11.86,01:02:01,3721
71,2008-07-21,11.86,01:02:13,3733
72,2008-07-23,11.86,01:00:38,3638
73,2008-07-25,11.86,01:02:40,3760
74,2008-07-26,11.86,01:02:35,3755
75,2008-07-31,11.86,01:02:29,3749
76,2008-08-02,11.86,01:03:05,3785
77,2008-08-03,11.86,01:05:57,3957
78,2008-08-05,11.86,01:02:59,3779
79,2008-08-10,11.6,01:04:50,3890
80,2008-08-14,11.6,01:01:55,3715
81,2008-08-16,42.195,03:55:22,14122
82,2008-08-19,11.6,01:03:21,3801
83,2008-09-03,11.86,01:09:52,4192
84,2008-09-06,11.86,01:06:14,3974
85,2008-09-07,11.86,01:01:27,3687
86,2008-09-08,11.86,01:05:43,3943
87,2008-09-09,11.86,01:05:58,3958
88,2008-09-10,11.86,01:03:23,3803
89,2008-09-16,11.86,01:02:18,3738
90,2008-09-18,10,00:54:27,3267
91,2008-09-21,12.4,01:08:19,4099
92,2008-09-27,11.6,01:02:36,3756
93,2008-10-03,11.86,01:01:51,3711
94,2008-10-05,11.86,00:58:11,3491
95,2008-10-06,11.86,01:03:18,3798
96,2008-10-08,11.86,01:02:15,3735
97,2008-10-12,11.86,01:04:49,3889
98,2008-10-13,11.86,01:04:21,3861
99,2008-10-17,9.3,00:52:34,3154
100,2008-10-19,11.86,01:01:25,3685
101,2008-10-20,11.86,01:02:41,3761
102,2008-10-22,11.86,01:00:13,3613
103,2008-11-01,11.86,01:02:49,3769
104,2008-11-10,11.86,01:00:49,3649
105,2008-11-15,11.86,00:57:42,3462
106,2008-11-16,11.86,00:59:13,3553
107,2008-11-17,11.86,01:01:24,3684
108,2008-11-18,11.86,01:00:32,3632
109,2008-11-23,11.86,01:02:05,3725
110,2008-11-24,11.86,01:04:47,3887
111,2008-11-25,11.86,01:04:02,3842
112,2008-12-04,11.86,01:01:45,3705
113,2008-12-08,11.86,01:03:49,3829
114,2008-12-09,11.86,01:02:43,3763
115,2008-12-11,11.86,01:03:24,3804
116,2008-12-12,11.86,01:06:24,3984
117,2008-12-13,11.86,01:04:33,3873
118,2008-12-14,11.86,01:06:40,4000
119,2008-12-15,11.86,01:04:58,3898
120,2008-12-17,11.86,01:05:20,3920
1,2009-01-05,11.86,01:05:02,3902
2,2009-01-06,11.86,01:07:02,4022
3,2009-01-07,11.86,01:02:36,3756
4,2009-01-09,11.86,01:02:28,3748
5,2009-01-10,11.86,01:04:31,3871
6,2009-01-11,11.86,01:04:52,3892
7,2009-01-12,11.86,01:06:46,4006
8,2009-01-15,11.6,01:05:21,3921
9,2009-01-19,11.86,01:03:30,3810
10,2009-02-04,11.86,01:10:25,4225
11,2009-02-05,11.86,01:08:23,4103
12,2009-02-09,11.86,01:06:18,3978
13,2009-02-10,11.86,01:04:07,3847
14,2009-02-11,11.86,01:06:36,3996
15,2009-02-12,11.86,01:09:14,4154
16,2009-02-13,11.86,01:07:32,4052
17,2009-02-15,11.86,01:05:26,3926
18,2009-02-16,11.86,01:09:09,4149
19,2009-03-04,11.86,01:06:50,4010
20,2009-03-05,11.86,01:07:31,4051
21,2009-03-07,11.86,00:58:48,3528
22,2009-03-08,11.86,01:04:03,3843
23,2009-03-09,11.86,01:02:49,3769
24,2009-03-13,11.86,01:05:18,3918
25,2009-03-15,11.86,01:03:37,3817
26,2009-03-16,11.86,01:06:13,3973
27,2009-03-19,11.86,01:07:36,4056
28,2009-03-21,11.86,01:00:46,3646
29,2009-03-23,11.86,01:01:45,3705
30,2009-03-28,11.86,01:00:58,3658
31,2009-04-01,11.86,00:59:44,3584
32,2009-04-02,11.86,01:04:50,3890
33,2009-04-09,11.86,01:02:25,3745
34,2009-04-10,11.86,01:04:39,3879
35,2009-04-11,11.86,01:01:09,3669
36,2009-04-18,11.86,01:02:23,3743
37,2009-04-24,11.86,01:01:31,3691
38,2009-04-25,11.86,01:05:55,3955
39,2009-04-27,11.86,01:00:39,3639
40,2009-05-02,11.6,01:08:19,4099
41,2009-05-08,11.86,01:04:54,3894
42,2009-05-09,11.86,01:03:38,3818
43,2009-05-10,18.95,01:50:28,6628
44,2009-05-11,11.86,01:04:04,3844
45,2009-05-12,8.6,00:56:18,3378
46,2009-05-12,4.3,00:28:31,1711
47,2009-05-20,11.86,01:01:36,3696
48,2009-05-21,11.86,01:04:35,3875
49,2009-05-27,11.86,01:03:46,3826
50,2009-05-31,11.6,01:03:50,3830
51,2009-06-05,11.6,01:04:15,3855
52,2009-06-06,11.6,01:02:37,3757
53,2009-06-07,11.6,01:05:11,3911
54,2009-06-09,11.6,01:03:25,3805
55,2009-06-10,11.6,01:06:16,3976
56,2009-06-14,11.86,01:04:36,3876
57,2009-06-15,11.86,01:03:47,3827
58,2009-06-16,11.86,01:02:34,3754
59,2009-06-17,11.6,01:01:37,3697
60,2009-06-28,21.1,01:44:06,6246
61,2009-07-04,11.86,01:06:29,3989
62,2009-07-06,11.86,01:01:24,3684
63,2009-07-08,11.86,01:03:54,3834
64,2009-07-10,5.9,00:39:22,2362
65,2009-07-15,0.91,00:05:21,321
66,2009-07-20,11.86,01:03:54,3834
67,2009-07-21,11.86,01:03:50,3830
68,2009-07-22,11.86,01:06:50,4010
69,2009-07-23,11.86,01:04:00,3840
70,2009-07-26,11.4,01:07:40,4060
71,2009-07-30,9.2,00:51:30,3090
72,2009-08-04,11.6,01:04:51,3891
73,2009-08-08,11.6,01:17:49,4669
74,2009-08-10,11.6,01:05:18,3918
75,2009-08-12,10,01:02:48,3768
76,2009-08-13,11.6,01:01:07,3667
77,2009-08-15,42.195,03:52:02,13922
78,2009-08-18,11.9,01:07:57,4077
79,2009-08-26,11.6,01:04:13,3853
80,2009-09-01,11.6,01:02:42,3762
81,2009-09-06,11.86,01:02:04,3724
82,2009-09-13,11.86,01:01:43,3703
83,2009-09-15,11.86,01:02:08,3728
84,2009-09-17,11.6,01:02:28,3748
85,2009-09-18,11.6,01:01:28,3688
86,2009-09-21,11.86,01:01:03,3663
87,2009-09-22,11.86,01:01:59,3719
88,2009-09-23,11.86,01:03:38,3818
89,2009-09-29,11.86,01:04:19,3859
90,2009-10-01,11.86,01:01:26,3686
91,2009-10-03,11.86,00:59:01,3541
92,2009-10-06,11.86,01:03:20,3800
93,2009-10-07,11.86,01:01:55,3715
94,2009-10-11,42.195,03:43:42,13422
95,2009-10-18,21.0975,01:52:50,6770
96,2009-10-23,16.2,01:45:30,6330
97,2009-11-02,11.6,01:01:27,3687
98,2009-11-03,11.6,01:02:25,3745
99,2009-11-26,11.86,01:03:24,3804
100,2009-11-28,8,00:50:10,3010
101,2009-11-29,11,01:06:13,3973
102,2009-11-30,10.6,01:00:53,3653
103,2009-12-02,10.6,01:00:04,3604
104,2009-12-03,10.6,00:57:42,3462
105,2009-12-12,11.6,01:04:12,3852
106,2009-12-18,11.86,01:03:33,3813
107,2009-12-20,11.86,01:06:49,4009
108,2009-12-21,11.86,01:10:14,4214
109,2009-12-24,11.86,01:03:42,3822
110,2009-12-25,11.86,01:04:55,3895
111,2009-12-28,11.6,01:10:37,4237
112,2009-12-30,11.6,01:09:25,4165
1,2010-01-07,11.86,01:09:53,4193
2,2010-01-08,11.86,01:16:34,4594
3,2010-01-10,11.86,01:16:11,4571
4,2010-01-12,11.86,01:14:44,4484
5,2010-01-13,4.5,00:28:54,1734
6,2010-01-15,11.86,01:08:39,4119
7,2010-01-16,11.86,01:06:21,3981
8,2010-01-20,11.86,01:01:32,3692
9,2010-01-22,11.86,01:01:46,3706
10,2010-01-27,11.86,01:05:47,3947
11,2010-02-02,11.86,01:06:56,4016
12,2010-02-14,16.16,01:38:01,5881
13,2010-02-16,11.6,01:09:48,4188
14,2010-02-20,11.86,01:11:56,4316
15,2010-02-24,10,01:04:02,3842
16,2010-02-25,10,01:01:16,3676
17,2010-02-26,7.2,00:42:13,2533
18,2010-03-07,11.86,01:07:27,4047
19,2010-03-13,10.7,01:07:03,4023
20,2010-03-14,9.8,00:56:48,3408
21,2010-03-18,11.86,01:04:07,3847
22,2010-03-20,11.86,00:59:54,3594
23,2010-03-21,11.86,01:02:27,3747
24,2010-03-22,11.86,01:08:14,4094
25,2010-03-24,11.86,01:02:00,3720
26,2010-03-25,11.86,01:05:47,3947
27,2010-03-26,11.86,01:04:40,3880
28,2010-04-06,11.86,01:05:35,3935
29,2010-04-07,11.86,01:03:23,3803
30,2010-04-08,11.86,01:06:20,3980
31,2010-04-09,11.86,01:05:00,3900
32,2010-04-14,5,00:28:46,1726
33,2010-04-16,11,01:08:26,4106
34,2010-04-17,8.5,00:49:11,2951
35,2010-04-18,6.5,00:39:25,2365
36,2010-04-23,11.86,01:02:36,3756
37,2010-04-24,14,01:10:17,4217
38,2010-04-27,11.86,01:02:23,3743
39,2010-04-29,11.86,01:06:09,3969
40,2010-05-03,2.6,00:16:04,964
41,2010-05-16,11.86,01:04:53,3893
42,2010-05-17,11.86,01:07:29,4049
43,2010-05-18,11.86,01:05:40,3940
44,2010-05-23,11.6,01:07:02,4022
45,2010-05-24,11.6,01:04:41,3881
46,2010-05-25,11.6,01:08:18,4098
47,2010-05-26,11.6,01:07:06,4026
48,2010-05-30,11.6,01:07:11,4031
49,2010-05-31,11.6,01:00:54,3654
50,2010-06-03,11.6,01:04:21,3861
51,2010-06-04,11.6,01:04:28,3868
52,2010-06-07,11.86,01:01:44,3704
53,2010-06-08,11.86,01:03:43,3823
54,2010-06-09,11.86,01:03:21,3801
55,2010-06-13,11.86,01:03:42,3822
56,2010-06-22,11.6,01:18:07,4687
57,2010-06-23,11.6,00:54:52,3292
58,2010-06-29,11.86,01:03:45,3825
59,2010-07-04,11.86,01:08:10,4090
60,2010-07-05,11.86,01:05:59,3959
61,2010-07-10,11.6,01:01:51,3711
62,2010-07-20,11.86,01:05:00,3900
63,2010-07-21,11.86,01:07:57,4077
64,2010-07-25,11.86,01:03:34,3814
65,2010-07-26,11.86,01:03:52,3832
66,2010-07-29,11.86,00:59:30,3570
67,2010-07-30,11.86,01:05:59,3959
68,2010-08-07,11.6,01:05:14,3914
69,2010-08-10,11.6,01:02:13,3733
70,2010-08-12,11.6,01:03:11,3791
71,2010-08-14,11.6,01:03:15,3795
72,2010-08-16,11.6,01:01:37,3697
73,2010-08-22,11.6,01:03:41,3821
74,2010-08-23,11.6,01:04:41,3881
75,2010-08-27,11.6,01:02:22,3742
76,2010-08-29,11.6,01:02:51,3771
77,2010-09-01,11.86,01:01:48,3708
78,2010-09-07,11.86,00:58:30,3510
79,2010-09-10,12.81,01:09:42,4182
80,2010-09-13,11.6,01:02:56,3776
81,2010-09-14,11.6,01:02:29,3749
82,2010-09-15,5.19,00:30:50,1850
83,2010-09-23,11.86,01:01:27,3687
84,2010-09-24,11.86,01:02:03,3723
85,2010-09-25,11.86,00:58:36,3516
86,2010-10-02,11.86,00:58:57,3537
87,2010-10-11,11.86,00:56:49,3409
88,2010-10-12,11.86,00:58:42,3522
89,2010-10-16,11.6,01:00:41,3641
90,2010-10-17,11.6,01:02:07,3727
91,2010-10-25,11.86,00:56:58,3418
92,2010-10-27,11.86,00:56:39,3399
93,2010-10-29,11.86,00:59:04,3544
94,2010-10-31,11.86,00:55:08,3308
95,2010-11-03,11.86,00:57:03,3423
96,2010-11-05,11.86,00:56:10,3370
97,2010-11-08,11.86,00:57:41,3461
98,2010-11-15,11.6,01:00:14,3614
99,2010-11-20,11.86,00:57:46,3466
100,2010-11-21,11.86,00:57:28,3448
101,2010-11-23,11.86,00:56:07,3367
102,2010-11-24,11.86,00:57:35,3455
103,2010-11-29,11.86,01:03:33,3813
104,2010-12-05,11.86,00:59:27,3567
105,2010-12-08,11.86,00:59:15,3555
106,2010-12-12,11.86,01:01:47,3707
107,2010-12-13,11.86,01:03:17,3797
108,2010-12-15,11.86,01:05:17,3917
109,2010-12-19,11.86,01:03:18,3798
110,2010-12-20,11.86,01:05:20,3920
111,2010-12-21,11.86,01:01:06,3666
112,2010-12-23,11.86,01:01:05,3665
1,2011-01-02,8.22,00:46:43,2803
2,2011-01-08,11.86,00:59:24,3564
3,2011-01-09,11.86,01:01:20,3680
4,2011-01-15,11.6,01:12:31,4351
5,2011-01-17,11.86,00:56:44,3404
6,2011-01-20,11.86,00:59:32,3572
7,2011-01-23,11.86,01:00:06,3606
8,2011-01-28,11.86,01:02:00,3720
9,2011-01-30,11.86,01:01:47,3707
10,2011-02-05,11.86,01:01:40,3700
11,2011-02-06,11.86,00:59:38,3578
12,2011-02-13,1.55,00:09:06,546
13,2011-02-17,11.86,01:01:01,3661
14,2011-02-18,11.86,01:02:43,3763
15,2011-02-20,11.86,00:57:17,3437
16,2011-02-23,11.86,00:57:38,3458
17,2011-02-24,11.86,01:00:50,3650
18,2011-02-26,11.86,01:02:46,3766
19,2011-02-28,11.86,01:00:26,3626
20,2011-03-02,11.86,01:01:45,3705
21,2011-03-05,4.9,00:28:09,1689
22,2011-03-06,16.8,01:41:17,6077
23,2011-03-09,11.86,00:56:29,3389
24,2011-03-15,11.86,00:58:51,3531
25,2011-03-18,11.86,00:57:35,3455
26,2011-03-20,11.86,00:55:09,3309
27,2011-03-22,11.86,00:58:16,3496
28,2011-03-24,11.6,01:14:03,4443
29,2011-04-02,11.86,01:00:01,3601
30,2011-04-03,11.86,00:59:15,3555
31,2011-04-08,8.34,00:46:34,2794
32,2011-04-09,11.86,01:01:10,3670
33,2011-04-19,11.86,00:58:35,3515
34,2011-04-20,11.86,00:59:37,3577
35,2011-04-23,11.86,00:58:06,3486
36,2011-04-25,13.55,01:05:43,3943
37,2011-04-29,11.86,01:00:09,3609
38,2011-05-08,9.92,00:51:45,3105
39,2011-05-09,11.86,01:00:51,3651
40,2011-05-11,11.86,00:59:06,3546
41,2011-05-14,11.6,00:59:35,3575
42,2011-05-15,11.6,01:02:50,3770
43,2011-05-18,11.86,01:00:50,3650
44,2011-05-19,11.86,01:01:57,3717
45,2011-05-20,11.86,01:03:01,3781
46,2011-05-22,11.86,00:59:49,3589
47,2011-06-03,11.459,00:57:19,3439
48,2011-06-03,11.86,01:02:30,3750
49,2011-06-05,11.86,01:02:05,3725
50,2011-06-06,11.86,01:01:31,3691
51,2011-06-10,11.86,01:01:46,3706
52,2011-06-15,11.6,00:59:19,3559
53,2011-06-19,11.6,01:00:29,3629
54,2011-06-22,11.6,01:04:28,3868
55,2011-06-24,11.6,00:57:21,3441
56,2011-06-26,11.6,01:00:49,3649
57,2011-06-29,11.86,01:00:59,3659
58,2011-07-04,11.6,00:59:54,3594
59,2011-07-05,11.6,01:00:16,3616
60,2011-07-07,11.6,01:00:21,3621
61,2011-07-08,11.6,01:02:50,3770
62,2011-07-26,11.86,01:03:31,3811
63,2011-07-27,11.86,01:03:57,3837
64,2011-07-28,11.86,01:04:18,3858
65,2011-07-29,11.86,01:02:38,3758
66,2011-07-30,11.86,01:02:11,3731
67,2011-08-07,11.6,01:02:12,3732
68,2011-08-10,11.6,00:59:34,3574
69,2011-08-14,11.6,01:02:07,3727
70,2011-08-15,11.6,01:02:06,3726
71,2011-08-17,11.6,01:02:21,3741
72,2011-08-23,11.6,01:02:11,3731
73,2011-08-26,11.6,01:01:44,3704
74,2011-08-27,11.6,01:00:59,3659
75,2011-08-28,11.6,01:01:56,3716
76,2011-09-01,11.86,00:58:24,3504
77,2011-09-03,11.6,01:00:02,3602
78,2011-09-06,11.86,01:01:06,3666
79,2011-09-11,11.86,01:03:14,3794
80,2011-09-12,11.86,01:02:20,3740
81,2011-09-13,11.86,01:01:38,3698
82,2011-09-16,11.86,01:06:52,4012
83,2011-09-20,11.86,00:58:10,3490
84,2011-09-24,8.96,00:49:24,2964
85,2011-09-26,11.86,01:02:59,3779
86,2011-10-02,11.86,01:01:25,3685
87,2011-10-03,11.86,01:00:48,3648
88,2011-10-06,11.86,01:01:54,3714
89,2011-10-14,11.86,00:57:26,3446
90,2011-10-15,11.86,00:56:04,3364
91,2011-10-18,11.86,00:58:56,3536
92,2011-10-20,11.86,00:57:04,3424
93,2011-10-22,11.86,00:58:02,3482
94,2011-10-30,11.6,01:00:34,3634
95,2011-11-01,11.6,00:59:19,3559
96,2011-11-06,11.86,01:00:32,3632
97,2011-11-08,11.86,00:59:42,3582
98,2011-11-11,11.86,00:59:44,3584
99,2011-11-12,11.86,00:59:03,3543
100,2011-11-16,11.86,01:00:02,3602
101,2011-11-19,11.86,01:00:31,3631
102,2011-11-22,11.86,01:01:58,3718
103,2011-11-25,11.86,01:00:54,3654
104,2011-12-03,11.86,01:00:46,3646
105,2011-12-04,11.86,01:02:15,3735
106,2011-12-14,11.86,00:58:35,3515
107,2011-12-18,11.86,01:01:10,3670
108,2011-12-22,11.86,01:02:08,3728
109,2011-12-23,11.86,01:04:12,3852
110,2011-12-24,11.86,01:03:03,3783
111,2011-12-25,11.86,01:01:58,3718
112,2011-12-26,11.86,01:03:50,3830
1,2012-01-01,11.86,01:03:12,3792
2,2012-01-02,11.86,01:02:13,3733
3,2012-01-06,11.86,01:01:43,3703
4,2012-01-10,11.1,00:59:43,3583
5,2012-01-15,11.86,01:03:32,3812
6,2012-01-17,11.86,01:03:48,3828
7,2012-01-23,11.86,01:00:55,3655
8,2012-01-29,11.6,01:08:31,4111
9,2012-01-31,11.86,01:03:48,3828
10,2012-02-12,11.86,01:06:35,3995
11,2012-02-14,11.86,01:09:12,4152
12,2012-02-19,11.86,01:03:41,3821
13,2012-02-20,11.86,01:06:26,3986
14,2012-02-21,11.86,01:07:27,4047
15,2012-02-22,11.86,01:07:04,4024
16,2012-02-24,11.86,01:06:10,3970
17,2012-02-25,11.86,01:06:20,3980
18,2012-02-26,11.86,01:06:14,3974
19,2012-03-14,11.86,01:01:55,3715
20,2012-03-16,11.86,01:01:39,3699
21,2012-03-17,13.39,01:13:38,4418
22,2012-03-18,13.89,01:15:37,4537
23,2012-03-21,11.86,01:02:01,3721
24,2012-03-24,14.2,01:21:58,4918
25,2012-03-28,11.86,01:02:25,3745
26,2012-03-29,11.86,01:03:09,3789
27,2012-04-09,11.86,00:58:48,3528
28,2012-04-12,11.36,00:58:51,3531
29,2012-04-17,11.86,00:59:16,3556
30,2012-04-18,11.86,01:02:19,3739
31,2012-04-19,11.86,01:03:43,3823
32,2012-04-21,11.6,01:02:38,3758
33,2012-04-23,12.54,01:00:02,3602
34,2012-04-27,11.86,01:02:34,3754
35,2012-04-29,15.22,01:25:59,5159
36,2012-05-04,11.86,01:02:25,3745
37,2012-05-10,12.66,01:10:35,4235
38,2012-05-12,12.64,01:05:47,3947
39,2012-05-16,11.6,00:59:14,3554
40,2012-05-19,11.6,00:56:25,3385
41,2012-05-22,11.86,01:01:45,3705
42,2012-05-25,11.86,00:59:18,3558
43,2012-05-28,11.86,01:04:44,3884
44,2012-05-30,11.86,01:04:04,3844
45,2012-06-01,11.86,00:57:45,3465
46,2012-06-05,11.86,01:00:54,3654
47,2012-06-15,11.6,01:03:41,3821
48,2012-06-18,11.6,01:02:15,3735
49,2012-06-20,11.6,01:01:12,3672
50,2012-06-21,11.6,00:58:24,3504
51,2012-06-26,11.86,01:03:11,3791
52,2012-06-28,11.86,01:03:48,3828
53,2012-06-29,11.86,01:03:43,3823
54,2012-07-07,5.5,00:31:25,1885
55,2012-07-16,11.33,01:03:15,3795
56,2012-07-18,11.6,01:02:12,3732
57,2012-07-20,11.6,01:00:27,3627
58,2012-07-21,11.6,01:01:14,3674
59,2012-07-24,11.6,01:06:04,3964
60,2012-07-26,11.6,01:02:06,3726
61,2012-07-27,11.6,01:02:05,3725
62,2012-07-28,11.6,01:03:38,3818
63,2012-07-30,10.14,00:54:37,3277
64,2012-08-02,11.6,01:02:40,3760
65,2012-08-03,11.6,01:02:37,3757
66,2012-08-09,11.6,01:01:12,3672
67,2012-08-11,11.6,00:54:54,3294
68,2012-08-15,11.6,00:57:02,3422
69,2012-08-23,11.6,00:58:11,3491
70,2012-08-23,11.6,01:02:25,3745
71,2012-08-25,11.6,01:26:53,5213
72,2012-08-30,11.86,00:59:21,3561
73,2012-08-31,11.86,00:58:21,3501
74,2012-09-04,11.86,00:59:01,3541
75,2012-09-06,11.86,00:59:49,3589
76,2012-09-07,11.86,00:59:32,3572
77,2012-09-09,13.62,01:08:07,4087
78,2012-09-15,11.86,00:58:12,3492
79,2012-09-17,11.6,01:00:18,3618
80,2012-09-23,11.86,00:56:16,3376
81,2012-09-25,11.86,00:58:39,3519
82,2012-09-25,7.99,00:43:05,2585
83,2012-10-02,11.86,00:58:37,3517
84,2012-10-07,24.9,02:29:52,8992
85,2012-10-14,5.98,00:37:48,2268
86,2012-10-20,11.6,01:01:54,3714
87,2012-10-23,11.86,01:02:29,3749
88,2012-10-26,11.86,01:03:48,3828
89,2012-10-29,11.86,01:05:03,3903
90,2012-10-31,11.86,01:03:12,3792
91,2012-11-14,6,00:34:16,2056
92,2012-11-17,11.86,01:05:22,3922
93,2012-11-22,11.86,01:02:47,3767
94,2012-11-23,5.86,00:34:39,2079
95,2012-11-25,11.86,01:02:20,3740
96,2012-11-26,11.86,01:04:54,3894
97,2012-11-27,11.86,01:09:53,4193
98,2012-11-28,11.86,01:10:09,4209
99,2012-11-29,11.86,01:07:51,4071
100,2012-11-30,11.86,01:03:48,3828
101,2012-12-06,11.86,01:10:29,4229
102,2012-12-10,11.86,01:11:41,4301
103,2012-12-16,11.86,01:24:28,5068
104,2012-12-19,11.86,01:03:53,3833
105,2012-12-21,11.86,01:05:26,3926
106,2012-12-22,11.86,01:05:52,3952
107,2012-12-23,11.86,01:02:23,3743
108,2012-12-24,11.86,01:25:07,5107
109,2012-12-25,11.86,01:05:36,3936
1,2013-01-01,9.39,00:57:46,3466
2,2013-01-08,11.86,01:04:37,3877
3,2013-01-09,11.86,01:06:09,3969
4,2013-01-15,11.86,01:03:23,3803
5,2013-01-17,11.86,01:08:40,4120
6,2013-01-20,11.86,01:08:11,4091
7,2013-01-22,11.86,01:10:21,4221
8,2013-01-29,11.86,01:08:42,4122
9,2013-01-30,11.86,01:06:02,3962
10,2013-02-01,11.86,01:03:24,3804
11,2013-02-02,11.86,01:02:18,3738
12,2013-02-07,11.86,01:03:59,3839
13,2013-02-15,11.86,01:06:30,3990
14,2013-02-16,11.86,01:08:51,4131
15,2013-02-17,11.86,01:09:42,4182
16,2013-02-19,11.86,01:04:58,3898
17,2013-02-20,11.86,01:10:42,4242
18,2013-02-27,11.6,01:08:57,4137
19,2013-03-05,11.86,01:00:10,3610
20,2013-03-07,11.86,00:56:58,3418
21,2013-03-08,11.86,01:03:40,3820
22,2013-03-09,11.86,01:04:25,3865
23,2013-03-13,11.86,00:58:41,3521
24,2013-03-14,11.86,01:02:42,3762
25,2013-03-16,11.86,01:03:05,3785
26,2013-03-19,11.86,01:01:05,3665
27,2013-03-20,11.86,01:04:46,3886
28,2013-04-01,11.86,01:00:52,3652
29,2013-04-05,9.87,00:56:35,3395
30,2013-04-09,11.66,01:09:44,4184
31,2013-04-10,9.67,01:04:04,3844
32,2013-04-12,11.71,01:00:46,3646
33,2013-04-21,11.6,00:59:38,3578
34,2013-04-25,3.3,00:18:00,1080
35,2013-04-27,22.47,02:02:39,7359
36,2013-04-28,11.6,01:03:28,3808
37,2013-05-02,2.44,00:16:59,1019
38,2013-05-02,0.9,00:03:28,208
39,2013-05-03,3.03,00:20:54,1254
40,2013-05-03,1.6,00:09:25,565
41,2013-05-03,0.4,00:01:52,112
42,2013-05-03,0.4,00:01:43,103
43,2013-05-03,0.4,00:01:47,107
44,2013-05-03,0.4,00:01:39,99
45,2013-05-03,0.4,00:01:40,100
46,2013-05-03,0.4,00:01:32,92
47,2013-05-03,0.4,00:01:39,99
48,2013-05-03,0.4,00:01:39,99
49,2013-05-03,0.4,00:01:42,102
50,2013-05-03,0.4,00:01:37,97
51,2013-05-03,0.8,00:05:20,320
52,2013-05-03,3.41,00:23:41,1421
53,2013-05-03,1.67,00:10:20,620
54,2013-05-04,2.93,00:20:48,1248
55,2013-05-04,9,00:56:00,3360
56,2013-05-04,1.67,00:10:55,655
57,2013-05-05,3.03,00:19:41,1181
58,2013-05-05,18.36,01:56:47,7007
59,2013-05-09,11.86,01:05:54,3954
60,2013-05-18,11.55,01:01:27,3687
61,2013-05-28,12.8,01:09:31,4171
62,2013-05-31,12.8,01:08:06,4086
63,2013-06-05,11.86,01:08:29,4109
64,2013-06-06,11.86,01:04:16,3856
65,2013-06-09,11.6,01:05:11,3911
66,2013-06-11,11.6,01:00:49,3649
67,2013-06-13,7.67,00:45:31,2731
68,2013-06-17,11.86,01:03:01,3781
69,2013-06-18,11.86,01:05:39,3939
70,2013-06-20,11.86,01:03:30,3810
71,2013-06-23,11.6,01:02:09,3729
72,2013-06-29,11.6,01:10:50,4250
73,2013-07-02,11.86,01:04:24,3864
74,2013-07-04,11.86,01:00:09,3609
75,2013-07-08,11.86,01:03:28,3808
76,2013-07-13,11.6,00:56:36,3396
77,2013-07-16,13.11,01:24:40,5080
78,2013-07-20,12.2,01:09:29,4169
79,2013-07-22,13.83,01:17:36,4656
80,2013-07-26,21.15,01:57:06,7026
81,2013-08-02,12.86,01:14:50,4490
82,2013-08-04,11.86,01:04:01,3841
83,2013-08-11,11.6,01:00:12,3612
84,2013-08-12,8.1,00:38:59,2339
85,2013-08-14,11.6,01:01:03,3663
86,2013-08-16,11.6,00:59:14,3554
87,2013-08-21,11.6,01:05:09,3909
88,2013-08-25,22.47,02:08:01,7681
89,2013-08-27,2.36,00:13:30,810
90,2013-09-03,11.86,01:04:07,3847
91,2013-09-09,11.86,01:01:19,3679
92,2013-09-12,11.86,00:55:21,3321
93,2013-09-15,11.86,01:01:46,3706
94,2013-09-16,11.86,01:00:30,3630
95,2013-09-17,11.86,01:03:49,3829
96,2013-09-18,11.86,01:04:31,3871
97,2013-09-19,11.86,01:05:24,3924
98,2013-09-26,11.86,01:03:04,3784
99,2013-10-01,11.86,01:02:28,3748
100,2013-10-04,11.86,01:02:13,3733
101,2013-10-05,11.86,01:05:49,3949
102,2013-10-06,11.86,01:07:40,4060
103,2013-10-09,11.86,01:01:17,3677
104,2013-10-21,11.86,01:03:29,3809
105,2013-10-23,11.86,01:00:05,3605
106,2013-10-25,11.86,01:02:31,3751
107,2013-10-26,11.86,00:59:41,3581
108,2013-11-01,18.4,01:41:04,6064
109,2013-11-08,11.86,00:57:34,3454
110,2013-11-09,11.86,00:59:28,3568
111,2013-11-12,11.86,01:00:16,3616
112,2013-11-16,11.86,00:58:46,3526
113,2013-11-21,11.86,00:58:32,3512
114,2013-11-23,11.86,00:58:35,3515
115,2013-11-26,11.86,01:00:47,3647
116,2013-11-29,11.45,01:04:05,3845
117,2013-12-05,11.86,01:02:39,3759
118,2013-12-06,11.86,00:59:51,3591
119,2013-12-09,11.86,01:02:28,3748
120,2013-12-10,11.86,01:01:29,3689
121,2013-12-12,11.86,00:59:16,3556
122,2013-12-17,11.86,01:02:50,3770
123,2013-12-23,11.86,01:02:36,3756
124,2013-12-24,11.86,01:03:04,3784
125,2013-12-25,11.86,01:06:04,3964
1,2014-01-03,8.02,00:47:24,2844
2,2014-01-06,11.86,00:59:53,3593
3,2014-01-09,11.86,01:05:24,3924
4,2014-01-15,11.86,01:05:36,3936
5,2014-01-17,11.86,01:03:40,3820
6,2014-01-18,11.86,01:04:48,3888
7,2014-01-25,11.86,01:00:46,3646
8,2014-01-29,13.82,01:14:57,4497
9,2014-01-31,11.86,01:07:09,4029
10,2014-02-02,11.86,01:01:29,3689
11,2014-02-06,11.86,01:01:18,3678
12,2014-02-08,11.86,00:59:09,3549
13,2014-02-11,11.86,00:57:52,3472
14,2014-02-13,11.86,01:00:34,3634
15,2014-02-15,11.86,01:02:22,3742
16,2014-02-20,11.86,01:01:16,3676
17,2014-02-22,11.86,00:59:17,3557
18,2014-02-25,11.6,00:59:39,3579
19,2014-03-02,11.6,01:02:18,3738
20,2014-03-04,11.86,01:01:53,3713
21,2014-03-06,11.86,01:02:56,3776
22,2014-03-08,11.86,00:59:54,3594
23,2014-03-21,11.86,00:59:20,3560
24,2014-03-22,11.86,01:00:31,3631
25,2014-03-24,11.86,01:01:06,3666
26,2014-03-25,11.86,01:02:59,3779
27,2014-03-29,11.86,01:00:56,3656
28,2014-04-06,11.86,01:02:35,3755
29,2014-04-11,11.86,01:03:56,3836
30,2014-04-13,11.86,01:00:17,3617
31,2014-04-16,11.86,01:00:12,3612
32,2014-04-17,11.86,01:04:56,3896
33,2014-04-23,11.86,01:01:11,3671
34,2014-04-26,11.86,00:59:55,3595
35,2014-04-27,11.86,01:01:56,3716
36,2014-04-28,11.86,01:04:08,3848
37,2014-05-01,11.6,01:05:44,3944
38,2014-05-09,11.86,01:01:31,3691
39,2014-05-10,11.86,01:01:24,3684
40,2014-05-12,11.86,01:01:04,3664
41,2014-05-14,11.6,01:01:47,3707
42,2014-05-16,7.25,00:43:08,2588
43,2014-05-18,6.87,00:39:46,2386
44,2014-05-20,11.86,01:00:22,3622
45,2014-05-25,11.86,01:00:46,3646
46,2014-05-30,11.86,01:00:55,3655
47,2014-06-06,12.89,01:07:01,4021
48,2014-06-07,13.69,01:14:41,4481
49,2014-06-15,11.6,01:03:02,3782
50,2014-06-17,11.86,01:01:11,3671
51,2014-06-19,11.86,01:01:08,3668
52,2014-06-22,11.86,01:00:50,3650
53,2014-06-25,11.86,01:00:20,3620
54,2014-06-28,15.83,01:27:21,5241
55,2014-07-03,11.6,01:01:13,3673
56,2014-07-06,11.6,01:00:54,3654
57,2014-07-09,3.62,00:25:09,1509
58,2014-07-11,21.37,02:01:50,7310
59,2014-07-13,14.74,01:24:19,5059
60,2014-07-18,11.86,01:02:20,3740
61,2014-07-19,11.86,01:02:28,3748
62,2014-07-23,11.86,00:59:40,3580
63,2014-07-28,11.86,01:00:56,3656
64,2014-08-01,11.86,00:59:37,3577
65,2014-08-03,11.86,01:02:28,3748
66,2014-08-07,11.86,01:01:05,3665
67,2014-08-17,11.6,01:00:02,3602
68,2014-08-19,11.6,00:59:53,3593
69,2014-08-21,11.6,00:58:24,3504
70,2014-08-23,2.9,00:14:40,880
71,2014-08-24,11.6,01:01:23,3683
72,2014-08-27,12.97,01:15:29,4529
73,2014-08-31,4.76,00:24:49,1489
74,2014-09-04,11.6,01:00:29,3629
75,2014-09-11,11.86,01:03:00,3780
76,2014-09-13,11.86,00:59:55,3595
77,2014-09-15,6.21,00:43:48,2628
78,2014-09-16,7.85,00:52:27,3147
79,2014-09-17,4.62,00:26:26,1586
80,2014-09-18,4.61,00:25:25,1525
81,2014-09-22,11.86,00:58:51,3531
82,2014-09-27,11.86,01:01:17,3677
83,2014-09-28,11.86,01:01:38,3698
84,2014-09-29,11.86,01:02:48,3768
85,2014-10-04,11.86,01:01:55,3715
86,2014-10-05,13.55,01:13:11,4391
87,2014-10-09,11.86,01:04:05,3845
88,2014-10-12,13.55,01:08:31,4111
89,2014-10-14,11.86,01:00:45,3645
90,2014-10-16,6.58,00:37:40,2260
91,2014-10-19,11.86,01:00:54,3654
92,2014-10-25,11.86,01:03:42,3822
93,2014-10-28,11.6,01:03:01,3781
94,2014-11-08,11.86,01:04:10,3850
95,2014-11-09,11.86,01:04:26,3866
96,2014-11-10,11.86,01:03:15,3795
97,2014-11-12,11.86,01:05:44,3944
98,2014-11-13,11.86,01:04:31,3871
99,2014-11-22,11.86,01:04:31,3871
100,2014-11-27,11.86,01:03:42,3822
101,2014-11-28,11.86,01:03:57,3837
102,2014-11-29,11.86,01:04:58,3898
103,2014-12-04,11.86,01:03:57,3837
104,2014-12-06,11.86,01:04:25,3865
105,2014-12-09,11.86,01:01:15,3675
106,2014-12-11,11.86,01:02:32,3752
107,2014-12-17,11.86,01:02:39,3759
108,2014-12-20,11.86,01:02:59,3779
109,2014-12-23,2.25,00:11:44,704
110,2014-12-24,11.86,01:03:47,3827
111,2014-12-26,11.86,01:02:17,3737
112,2014-12-28,11.86,01:10:51,4251
1,2015-01-03,11.86,01:05:31,3931
2,2015-01-07,11.86,01:04:04,3844
3,2015-01-15,11.86,01:01:36,3696
4,2015-01-18,11.86,01:03:08,3788
5,2015-01-20,11,01:01:22,3682
6,2015-01-22,11.4,00:57:01,3421
7,2015-01-25,8.79,00:48:06,2886
8,2015-01-27,5.73,00:33:23,2003
9,2015-01-29,11.86,01:05:27,3927
10,2015-01-30,4.8,00:34:36,2076
11,2015-02-07,5.63,00:33:28,2008
12,2015-02-09,5.81,00:32:41,1961
13,2015-02-13,11.86,01:06:38,3998
14,2015-02-14,11.86,01:04:05,3845
15,2015-02-16,11.86,01:04:35,3875
16,2015-02-18,11.86,01:07:20,4040
17,2015-02-20,11.86,01:06:17,3977
18,2015-02-21,11.86,01:06:19,3979
19,2015-02-25,8.29,00:50:21,3021
20,2015-02-26,17.23,01:44:11,6251
21,2015-03-01,10.58,00:53:43,3223
22,2015-03-04,12.46,01:09:39,4179
23,2015-03-07,11.6,01:07:59,4079
24,2015-03-09,11.86,00:59:09,3549
25,2015-03-11,11.86,00:57:03,3423
26,2015-03-15,11.86,00:57:27,3447
27,2015-03-17,11.86,01:00:17,3617
28,2015-03-19,11.86,00:59:08,3548
29,2015-03-29,11.86,00:58:42,3522
30,2015-04-03,11.86,01:01:07,3667
31,2015-04-08,11.86,01:01:27,3687
32,2015-04-10,11.86,01:01:31,3691
33,2015-04-12,11.86,01:00:03,3603
34,2015-04-15,11.86,01:01:21,3681
35,2015-04-16,14.63,01:13:28,4408
36,2015-04-23,11.86,01:00:07,3607
37,2015-04-27,15.93,01:25:15,5115
38,2015-05-05,11.86,01:00:46,3646
39,2015-05-09,11.86,00:59:45,3585
40,2015-05-12,11.86,01:01:37,3697
41,2015-05-16,11.86,01:02:21,3741
42,2015-05-20,11.86,01:00:57,3657
43,2015-05-23,11.86,01:02:18,3738
44,2015-05-27,11.86,01:03:31,3811
45,2015-05-29,11.86,01:02:13,3733
46,2015-05-30,11.86,01:02:29,3749
47,2015-06-02,5.52,00:33:15,1995
48,2015-06-04,6.05,00:37:05,2225
49,2015-06-09,11.86,01:04:00,3840
50,2015-06-11,11.86,01:04:00,3840
51,2015-06-15,11.6,01:03:26,3806
52,2015-06-22,11.6,01:02:10,3730
53,2015-06-24,11.6,01:02:08,3728
54,2015-06-27,11.6,01:00:37,3637
55,2015-06-28,11.6,01:00:15,3615
56,2015-06-29,11.6,01:03:52,3832
57,2015-07-04,10.78,00:51:56,3116
58,2015-07-10,11.86,01:03:22,3802
59,2015-07-14,11.86,01:03:15,3795
60,2015-07-16,11.86,01:05:59,3959
61,2015-07-17,11.86,01:09:00,4140
62,2015-07-23,11.86,01:01:07,3667
63,2015-07-26,11.86,01:06:36,3996
64,2015-07-27,11.86,01:03:51,3831
65,2015-07-28,11.86,01:03:09,3789
66,2015-08-03,11.6,01:01:14,3674
67,2015-08-06,11.6,01:02:19,3739
68,2015-08-08,11.6,01:03:23,3803
69,2015-08-14,11.6,01:01:07,3667
70,2015-08-16,11.6,01:01:41,3701
71,2015-08-23,14.2,01:19:19,4759
72,2015-08-23,14.2,01:24:43,5083
73,2015-08-25,13,01:17:28,4648
74,2015-08-27,3.37,00:19:39,1179
75,2015-09-01,11.86,01:02:28,3748
76,2015-09-04,11.86,00:58:23,3503
77,2015-09-12,13.02,01:10:56,4256
78,2015-09-13,11.86,01:04:35,3875
79,2015-09-18,11.86,00:57:28,3448
80,2015-09-20,11.86,01:00:51,3651
81,2015-09-25,11.86,01:02:13,3733
82,2015-09-28,11.86,01:04:18,3858
83,2015-09-29,7.25,00:39:37,2377
84,2015-10-05,11.86,01:02:19,3739
85,2015-10-08,11.86,01:00:39,3639
86,2015-10-10,10.1,00:50:17,3017
87,2015-10-13,11.86,01:04:07,3847
88,2015-10-16,11.6,01:04:05,3845
89,2015-10-20,11.6,01:00:44,3644
90,2015-10-21,11.6,01:04:42,3882
91,2015-10-26,11.86,01:00:49,3649
92,2015-10-30,11.86,01:04:16,3856
93,2015-11-02,11.6,01:02:51,3771
94,2015-11-08,11.6,01:03:06,3786
95,2015-11-09,11.6,01:01:48,3708
96,2015-11-10,11.6,01:07:19,4039
97,2015-11-16,11.86,01:01:38,3698
98,2015-11-18,11.86,00:57:37,3457
99,2015-11-23,8.83,00:52:53,3173
100,2015-11-25,10.98,01:04:18,3858
101,2015-11-28,11.86,01:00:56,3656
102,2015-12-05,13.75,01:17:04,4624
103,2015-12-08,11.86,01:01:07,3667
104,2015-12-14,11.86,01:03:04,3784
105,2015-12-19,11.86,01:00:22,3622
106,2015-12-20,11.86,00:59:06,3546
107,2015-12-22,11.86,00:57:38,3458
108,2015-12-25,11.86,00:58:25,3505
109,2015-12-26,11.86,00:58:27,3507
110,2015-12-27,11.6,01:01:04,3664
1,2016-01-03,11.6,01:04:38,3878
2,2016-01-05,11.6,01:03:17,3797
3,2016-01-14,8.66,00:47:37,2857
4,2016-01-17,11.34,01:02:27,3747
5,2016-01-18,9.25,00:51:15,3075
6,2016-01-19,10.73,00:58:53,3533
7,2016-01-23,10.17,00:53:46,3226
8,2016-01-28,11.86,00:59:31,3571
9,2016-01-30,17.67,01:34:54,5694
10,2016-02-07,11.86,00:57:43,3463
11,2016-02-09,11.86,01:00:41,3641
12,2016-02-11,11.86,00:58:48,3528
13,2016-02-13,19.94,01:54:56,6896
14,2016-02-19,11.86,01:00:27,3627
15,2016-02-21,11.86,01:02:32,3752
16,2016-02-24,12.0489538,01:02:46,3766
17,2016-02-27,11.86,00:58:45,3525
18,2016-03-05,11.86,01:01:46,3706
19,2016-03-13,11.86,01:00:54,3654
20,2016-03-18,11.86,01:03:04,3784
21,2016-03-19,11.86,01:04:57,3897
22,2016-03-20,11.86,01:02:39,3759
23,2016-03-21,11.86,01:00:03,3603
24,2016-03-22,11.86,01:03:35,3815
25,2016-03-23,11.86,01:02:56,3776
26,2016-03-24,11.86,01:04:40,3880
27,2016-04-06,8.19,00:51:22,3082
28,2016-04-12,11.31,01:06:12,3972
29,2016-04-15,11.86,01:02:42,3762
30,2016-04-20,11.86,01:01:31,3691
31,2016-04-21,11.86,01:03:19,3799
32,2016-04-22,11.86,01:05:05,3905
33,2016-04-25,11.86,01:02:08,3728
34,2016-04-26,11.86,01:03:42,3822
35,2016-04-27,11.86,01:03:44,3824
36,2016-05-06,11.6,01:02:01,3721
37,2016-05-07,11.6,01:01:27,3687
38,2016-05-08,11.86,01:04:31,3871
39,2016-05-18,11.86,01:01:56,3716
40,2016-05-21,14.27,01:24:42,5082
41,2016-05-22,11.86,01:06:32,3992
42,2016-05-25,8.25,00:43:32,2612
43,2016-05-28,11.86,01:03:19,3799
44,2016-05-29,11.86,01:03:14,3794
45,2016-06-05,11.6,01:03:39,3819
46,2016-06-06,11.86,01:02:53,3773
47,2016-06-14,12.5,01:05:04,3904
48,2016-06-18,11.6,01:02:32,3752
49,2016-06-21,13.62,01:14:09,4449
50,2016-06-22,13.16,01:13:36,4416
51,2016-06-24,6.49,00:36:10,2170
52,2016-06-27,11.6,01:04:01,3841
53,2016-06-28,11.6,01:04:13,3853
54,2016-07-03,12.5,01:04:44,3884
55,2016-07-05,12.5,01:06:49,4009
56,2016-07-09,11.6,01:01:17,3677
57,2016-07-16,10.45,01:04:12,3852
58,2016-07-21,11.6,01:03:05,3785
59,2016-07-22,11.6,01:02:00,3720
60,2016-07-23,11.6,01:03:05,3785
61,2016-07-24,11.6,01:01:57,3717
62,2016-07-29,8.55,00:45:09,2709
63,2016-08-06,11.86,01:06:28,3988
64,2016-08-11,11.6,00:57:14,3434
65,2016-08-12,11.6,01:03:05,3785
66,2016-08-14,11.6,01:03:25,3805
67,2016-08-17,11.6,01:00:57,3657
68,2016-08-23,11.6,01:02:08,3728
69,2016-08-24,11.6,01:02:04,3724
70,2016-08-26,6.08,00:35:53,2153
71,2016-08-30,14.11,01:16:49,4609
72,2016-09-02,11.86,01:03:39,3819
73,2016-09-04,9.01,00:53:22,3202
74,2016-09-06,6.77,00:38:11,2291
75,2016-09-11,11.86,01:06:09,3969
76,2016-09-13,11.72,01:06:19,3979
77,2016-09-15,11.86,01:04:33,3873
78,2016-09-20,16.89,01:50:01,6601
79,2016-09-22,11.86,01:03:39,3819
80,2016-09-25,11.86,01:01:30,3690
81,2016-10-06,10.73,00:57:54,3474
82,2016-10-10,11.86,01:02:39,3759
83,2016-10-12,10.12,00:58:15,3495
84,2016-10-15,11.86,01:03:43,3823
85,2016-10-17,7.02,00:40:22,2422
86,2016-10-19,18.12,01:42:21,6141
87,2016-10-22,11.86,01:02:47,3767
88,2016-10-23,11.86,01:03:45,3825
89,2016-10-27,11.6,01:04:16,3856
90,2016-11-04,11.86,01:05:22,3922
91,2016-11-08,10.58,00:58:48,3528
92,2016-11-09,10.14,00:52:40,3160
93,2016-11-14,11.86,01:04:23,3863
94,2016-11-17,11.86,01:03:23,3803
95,2016-11-20,11.86,01:00:59,3659
96,2016-11-23,11.86,01:04:37,3877
97,2016-11-25,11.86,01:03:27,3807
98,2016-11-29,11.86,01:05:17,3917
99,2016-12-02,11.86,01:02:43,3763
100,2016-12-05,10.5,00:58:17,3497
101,2016-12-10,11.86,01:03:34,3814
102,2016-12-12,11.86,01:03:08,3788
103,2016-12-15,6.44,00:36:16,2176
104,2016-12-18,11.86,01:02:08,3728
105,2016-12-22,11.86,01:02:52,3772
106,2016-12-24,11.86,01:04:30,3870
107,2016-12-27,15.66,01:34:49,5689
1,2017-01-03,11.86,01:05:58,3958
2,2017-01-09,11.86,01:09:27,4167
3,2017-01-13,11.86,01:03:09,3789
4,2017-01-15,11.86,01:08:30,4110
5,2017-01-17,11.86,01:06:20,3980
6,2017-01-20,11.86,01:06:03,3963
7,2017-01-23,10.23,00:57:46,3466
8,2017-01-25,9.84,00:56:21,3381
9,2017-01-29,11.86,01:07:31,4051
10,2017-02-01,11.86,01:06:41,4001
11,2017-02-02,11.86,01:07:57,4077
12,2017-02-08,5.86,00:34:32,2072
13,2017-02-10,11.86,01:03:05,3785
14,2017-02-11,11.86,01:02:58,3778
15,2017-02-12,11.86,01:03:13,3793
16,2017-02-14,11.86,01:01:00,3660
17,2017-02-17,11.86,01:06:01,3961
18,2017-02-18,11.86,01:07:24,4044
19,2017-03-03,5.17,00:30:08,1808
20,2017-03-07,11.86,01:05:19,3919
21,2017-03-11,11.86,01:05:35,3935
22,2017-03-12,11.86,01:06:07,3967
23,2017-03-15,11.86,01:06:52,4012
24,2017-03-16,11.86,01:07:31,4051
25,2017-03-18,11.86,01:06:51,4011
26,2017-03-30,11.86,01:12:54,4374
27,2017-03-31,11.86,01:13:45,4425
28,2017-03-31,2.17,00:13:34,814
29,2017-04-09,5.56,00:39:00,2340
30,2017-04-10,8.35,00:49:28,2968
31,2017-04-12,7.02,00:41:58,2518
32,2017-04-19,1.41,00:08:30,510
33,2017-04-19,11.86,01:12:26,4346
34,2017-04-22,1.41,00:09:28,568
35,2017-04-22,11.86,01:17:02,4622
36,2017-04-23,1.41,00:08:16,496
37,2017-04-23,11.86,01:10:03,4203
38,2017-04-25,11.04,01:05:43,3943
39,2017-04-26,10.81,01:05:46,3946
40,2017-04-27,10.83,01:06:13,3973
41,2017-04-28,11.6,01:11:33,4293
42,2017-05-05,11.86,01:08:01,4081
43,2017-05-06,10.81,01:02:20,3740
44,2017-05-11,10.66,01:03:07,3787
45,2017-05-12,8.2,00:47:27,2847
46,2017-05-14,11.53,01:03:48,3828
47,2017-05-19,11.6,01:07:16,4036
48,2017-05-22,11.6,01:03:04,3784
49,2017-05-26,10.82,01:01:57,3717
50,2017-05-28,10.82,01:01:36,3696
51,2017-05-30,3.58,00:20:58,1258
52,2017-06-01,10.82,01:01:41,3701
53,2017-06-03,10.82,01:02:00,3720
54,2017-06-08,10.82,00:59:48,3588
55,2017-06-10,10.82,00:58:41,3521
56,2017-06-14,10.82,00:56:07,3367
57,2017-06-18,11.6,01:04:05,3845
58,2017-06-19,11.6,01:05:44,3944
59,2017-06-28,11.6,01:03:42,3822
60,2017-06-29,11.6,01:05:41,3941
61,2017-07-01,10.74,00:52:49,3169
62,2017-07-04,11.6,01:05:22,3922
63,2017-07-06,11.6,01:04:10,3850
64,2017-07-09,11.6,01:02:26,3746
65,2017-07-11,10.82,00:59:45,3585
66,2017-07-21,6.87,00:38:34,2314
67,2017-07-27,11.02,01:05:50,3950
68,2017-07-29,11.6,01:09:03,4143
69,2017-07-30,11.6,01:06:48,4008
70,2017-07-31,5.11,00:29:01,1741
71,2017-08-08,11.6,01:04:35,3875
72,2017-08-13,11.6,01:05:48,3948
73,2017-08-14,10.82,01:02:44,3764
74,2017-08-15,11.6,01:07:26,4046
75,2017-08-19,11.6,01:05:15,3915
76,2017-08-21,11.6,01:04:30,3870
77,2017-08-26,11.6,01:08:11,4091
78,2017-08-28,11.6,01:05:42,3942
79,2017-08-29,11.6,01:04:09,3849
80,2017-09-03,10.82,01:00:33,3633
81,2017-09-07,10.82,01:01:12,3672
82,2017-09-08,1.41,00:07:56,476
83,2017-09-08,11.86,01:07:27,4047
84,2017-09-08,1.41,00:08:07,487
85,2017-09-13,14.15,01:21:10,4870
86,2017-09-17,11.6,01:02:09,3729
87,2017-09-22,10.82,01:00:19,3619
88,2017-09-23,10.82,00:57:56,3476
89,2017-09-26,10.82,01:01:44,3704
90,2017-09-28,6,00:33:22,2002
91,2017-10-01,10.82,00:54:29,3269
92,2017-10-07,10.82,00:55:29,3329
93,2017-10-12,10.82,00:59:59,3599
94,2017-10-20,11.6,01:08:02,4082
95,2017-10-21,17.65,01:40:33,6033
96,2017-10-25,10.82,01:00:35,3635
97,2017-10-26,10.82,01:01:38,3698
98,2017-10-28,19.17,01:51:26,6686
99,2017-11-02,8.88,00:52:26,3146
100,2017-11-07,12.42,01:12:02,4322
101,2017-11-09,10.82,01:02:44,3764
102,2017-11-14,11.54,01:10:00,4200
103,2017-11-15,10.05,00:59:04,3544
104,2017-11-20,10.82,01:02:34,3754
105,2017-11-22,10.82,01:00:05,3605
106,2017-11-24,10.82,01:02:45,3765
107,2017-11-27,10.82,01:03:14,3794
108,2017-11-28,4.5,00:26:14,1574
109,2017-12-01,10.82,01:01:51,3711
110,2017-12-08,11.6,01:04:42,3882
111,2017-12-09,11.6,01:04:27,3867
112,2017-12-10,4.64,00:31:01,1861
113,2017-12-10,1.49,00:10:26,626
114,2017-12-13,13.9,01:21:03,4863
115,2017-12-22,10.82,01:02:58,3778
116,2017-12-23,10.82,01:01:39,3699
117,2017-12-24,10.82,01:04:24,3864
118,2017-12-27,5.03,00:34:32,2072
119,2017-12-28,3.72,00:27:19,1639
120,2017-12-30,6.03,00:38:17,2297
1,2018-01-06,5.89,00:36:00,2160
2,2018-01-11,10.82,01:02:31,3751
3,2018-01-13,10.82,01:01:15,3675
4,2018-01-14,10.82,00:58:52,3532
5,2018-01-19,10.82,01:04:27,3867
6,2018-01-21,10.82,01:01:54,3714
7,2018-01-23,9.75,00:57:47,3467
8,2018-01-24,9.16,00:51:08,3068
9,2018-01-27,10.82,01:00:03,3603
10,2018-01-29,10.82,01:03:17,3797
11,2018-02-03,10.82,01:02:36,3756
12,2018-02-04,11.6,01:15:05,4505
13,2018-02-10,10.82,01:08:01,4081
14,2018-02-12,10.82,01:04:24,3864
15,2018-02-14,10.82,01:05:03,3903
16,2018-02-19,10.82,01:17:15,4635
17,2018-02-20,10.82,01:07:50,4070
18,2018-02-22,10.82,01:08:25,4105
19,2018-02-25,10.82,01:07:29,4049
20,2018-02-25,3.1,00:19:22,1162
21,2018-03-01,6.55,00:37:32,2252
22,2018-03-04,10.82,01:02:57,3777
23,2018-03-08,11.85,01:13:09,4389
24,2018-03-11,21.7,02:11:12,7872
25,2018-03-18,5.75,00:44:04,2644
26,2018-03-19,7.2,00:48:57,2937
27,2018-03-23,10.82,01:04:32,3872
28,2018-03-27,1.41,00:08:10,490
29,2018-03-27,11.86,01:10:42,4242
30,2018-03-27,1.41,00:09:13,553
31,2018-03-28,10.82,01:04:13,3853
32,2018-03-28,1.34,00:08:32,512
33,2018-04-04,10.82,01:00:41,3641
34,2018-04-07,11.6,01:10:59,4259
35,2018-04-11,10.82,00:59:45,3585
36,2018-04-13,6.2,00:41:07,2467
37,2018-04-15,8.04,00:52:56,3176
38,2018-04-20,10.82,01:03:20,3800
39,2018-04-22,1.18,00:06:28,388
40,2018-04-22,16.73,01:43:59,6239
41,2018-04-26,10.82,01:02:47,3767
42,2018-04-28,6.57,00:41:44,2504
43,2018-04-29,7.39,00:44:29,2669
44,2018-05-04,8.36,00:46:44,2804
45,2018-05-06,11.6,01:03:14,3794
46,2018-05-09,10.82,00:58:03,3483
47,2018-05-12,16.25,01:32:46,5566
48,2018-05-17,10.82,01:01:50,3710
49,2018-05-19,1.18,00:06:35,395
50,2018-05-19,14.43,01:30:31,5431
51,2018-05-20,8.46,00:54:13,3253
52,2018-05-21,14.33,01:27:10,5230
53,2018-05-23,6,00:41:31,2491
54,2018-06-04,10.82,01:04:43,3883
55,2018-06-07,6.82,00:40:56,2456
56,2018-06-12,10.82,01:01:54,3714
57,2018-06-16,11.6,01:06:39,3999
58,2018-06-18,11.6,01:06:48,4008
59,2018-06-19,11.6,01:07:28,4048
60,2018-06-20,11.6,01:06:17,3977
61,2018-06-22,11.6,01:05:18,3918
62,2018-06-27,7.3,00:45:33,2733
63,2018-06-28,7.26,00:42:56,2576
64,2018-07-01,14,01:24:37,5077
65,2018-07-05,11.6,01:06:03,3963
66,2018-07-09,10.82,00:59:29,3569
67,2018-07-12,11.07,01:02:48,3768
68,2018-07-14,7.38,00:41:47,2507
69,2018-07-17,10.82,01:00:10,3610
70,2018-07-19,9.66,00:57:11,3431
71,2018-07-25,11.6,01:01:07,3667
72,2018-07-28,1.41,00:07:10,430
73,2018-07-28,11.86,01:04:59,3899
74,2018-07-28,1.41,00:08:26,506
75,2018-08-02,11.64,01:11:13,4273
76,2018-08-07,2.68,00:16:59,1019
77,2018-08-08,9.44,00:55:28,3328
78,2018-08-09,10.43,01:01:42,3702
79,2018-08-10,8.15,00:46:06,2766
80,2018-08-12,7.91,00:53:41,3221
81,2018-08-18,5.7,00:34:21,2061
82,2018-08-22,14.31,01:19:57,4797
83,2018-08-24,11.6,01:07:28,4048
84,2018-08-26,11.6,00:59:29,3569
85,2018-08-29,8.63,00:45:45,2745
86,2018-09-03,10.82,01:02:42,3762
87,2018-09-08,10,00:54:17,3257
88,2018-09-11,11.6,01:01:01,3661
89,2018-09-15,10.12,01:02:48,3768
90,2018-09-17,9.69,00:55:52,3352
91,2018-09-20,10.82,00:58:06,3486
92,2018-09-23,10.82,00:59:41,3581
93,2018-09-26,8.07,00:44:27,2667
94,2018-09-26,8.91,00:51:04,3064
95,2018-09-28,10.82,00:57:30,3450
96,2018-10-03,8.06,00:46:19,2779
97,2018-10-06,10.82,00:58:34,3514
98,2018-10-09,13.1,01:18:11,4691
99,2018-10-10,4.62,00:27:16,1636
100,2018-10-13,1.41,00:07:52,472
101,2018-10-13,11.86,01:04:18,3858
102,2018-10-13,1.41,00:08:00,480
103,2018-10-15,10.82,00:59:20,3560
104,2018-10-20,10.82,00:56:10,3370
105,2018-10-22,8.92,00:49:57,2997
106,2018-10-24,8.47,00:53:22,3202
107,2018-10-26,11.43,01:00:50,3650
108,2018-11-01,10.82,00:59:52,3592
109,2018-11-04,10.82,00:57:44,3464
110,2018-11-07,10.82,00:59:00,3540
111,2018-11-12,9.07,00:55:07,3307
112,2018-11-18,10.82,01:00:47,3647
113,2018-11-20,10.82,00:58:00,3480
114,2018-11-23,10.82,01:00:43,3643
115,2018-11-25,10.82,01:04:40,3880
116,2018-11-27,10.82,00:59:54,3594
117,2018-11-29,5.47,00:31:59,1919
118,2018-12-02,10.82,01:01:22,3682
119,2018-12-04,6.81,00:41:11,2471
120,2018-12-06,10.82,00:59:48,3588
121,2018-12-08,6.96,00:43:36,2616
122,2018-12-12,11.6,01:03:51,3831
123,2018-12-16,10.82,01:01:25,3685
124,2018-12-19,10.82,00:59:14,3554
125,2018-12-22,10.82,01:00:18,3618
126,2018-12-23,10.82,00:59:33,3573
127,2018-12-26,4.46,00:26:29,1589
128,2018-12-28,6.64,00:39:28,2368
1,2019-01-05,10.82,01:04:07,3847
2,2019-01-09,10.82,01:04:41,3881
3,2019-01-12,10.82,01:07:17,4037
4,2019-01-14,10.82,01:04:44,3884
5,2019-01-20,11.6,01:09:11,4151
6,2019-01-23,10.82,01:01:08,3668
7,2019-01-24,10.82,01:00:52,3652
8,2019-01-27,10.82,01:00:12,3612
9,2019-01-29,10.82,01:03:07,3787
10,2019-01-29,2.85,00:17:23,1043
11,2019-02-01,10.82,00:57:43,3463
12,2019-02-07,10.82,01:03:36,3816
13,2019-02-10,10.82,01:04:19,3859
14,2019-02-12,8.55,00:48:08,2888
15,2019-02-13,10.82,01:00:59,3659
16,2019-02-15,10.82,01:01:25,3685
17,2019-02-17,10.82,00:59:53,3593
18,2019-02-21,10.82,01:03:07,3787
19,2019-02-22,9.9,01:01:48,3708
20,2019-02-26,7.22,00:42:49,2569
21,2019-03-03,10.82,00:58:16,3496
22,2019-03-06,10.82,00:58:32,3512
23,2019-03-10,11.6,01:08:26,4106
24,2019-03-16,10.04,01:03:09,3789
25,2019-03-19,10.82,01:02:45,3765
26,2019-03-21,7.82,00:45:52,2752
27,2019-03-22,6.59,00:38:04,2284
28,2019-03-24,10.82,00:53:28,3208
29,2019-03-26,10.82,00:52:23,3143
30,2019-03-29,10.82,00:55:23,3323
31,2019-04-07,10.82,00:58:02,3482
32,2019-04-12,11.6,01:03:02,3782
33,2019-04-14,11.6,01:03:24,3804
34,2019-04-17,10.82,00:58:51,3531
35,2019-04-21,11.14,01:06:15,3975
36,2019-04-22,13.41,01:18:29,4709
37,2019-04-23,10.82,01:02:56,3776
38,2019-04-25,8.92,00:49:03,2943
39,2019-04-28,11.6,01:01:58,3718
40,2019-05-02,10.82,00:59:47,3587
41,2019-05-05,10.82,00:57:35,3455
42,2019-05-09,10.82,00:57:23,3443
43,2019-05-10,10.82,00:57:34,3454
44,2019-05-14,10.82,00:57:17,3437
45,2019-05-17,10.82,00:55:31,3331
46,2019-05-19,8.53,00:45:07,2707
47,2019-05-25,6.74,00:39:44,2384
48,2019-05-26,11.6,01:02:44,3764
49,2019-05-30,9.01,00:52:24,3144
50,2019-06-03,6.18,00:33:36,2016
51,2019-06-05,10.82,01:03:56,3836
52,2019-06-08,11.9,01:12:32,4352
53,2019-06-11,4.17,00:24:19,1459
54,2019-06-14,11.6,01:03:45,3825
55,2019-06-17,11.6,01:03:15,3795
56,2019-06-18,11.6,01:02:04,3724
57,2019-06-21,11.6,01:06:05,3965
58,2019-06-24,11.6,00:58:34,3514
59,2019-06-27,9.69,00:48:54,2934
60,2019-07-03,10.82,00:59:17,3557
61,2019-07-05,15.48,01:30:46,5446
62,2019-07-14,10.82,00:59:04,3544
63,2019-07-17,11.6,01:04:49,3889
64,2019-07-21,11.6,01:02:15,3735
65,2019-07-23,11.6,01:00:37,3637
66,2019-07-24,11.6,00:58:48,3528
67,2019-07-26,11.6,01:03:17,3797
68,2019-07-29,6.36,00:34:55,2095
69,2019-08-03,11.6,00:58:48,3528
70,2019-08-06,14.68,01:21:12,4872
71,2019-08-09,10.82,01:01:35,3695
72,2019-08-14,11.6,01:00:34,3634
73,2019-08-17,10.16,00:59:54,3594
74,2019-08-19,11.6,01:01:32,3692
75,2019-08-22,9.64,01:02:46,3766
76,2019-08-24,9.8,00:57:51,3471
77,2019-08-27,10.91,00:59:54,3594
78,2019-09-01,7.66,00:44:53,2693
79,2019-09-04,10.82,01:01:01,3661
80,2019-09-09,4.29,00:25:49,1549
81,2019-09-12,12.25,01:13:39,4419
82,2019-09-15,6.31,00:35:41,2141
83,2019-09-17,10.82,00:58:46,3526
84,2019-09-21,11.6,01:03:31,3811
85,2019-09-23,11.6,01:01:03,3663
86,2019-09-26,10.82,00:58:35,3515
87,2019-09-27,14.68,01:23:21,5001
88,2019-10-07,10.82,00:57:54,3474
89,2019-10-08,10.82,00:59:22,3562
90,2019-10-12,11.6,01:08:41,4121
91,2019-10-16,10.82,00:57:57,3477
92,2019-10-17,10.82,00:58:50,3530
93,2019-10-22,10.82,00:56:12,3372
94,2019-10-23,10.82,00:58:30,3510
95,2019-10-26,10.82,00:58:57,3537
96,2019-10-27,13.85,01:15:30,4530
97,2019-11-01,10.82,00:58:47,3527
98,2019-11-09,10.82,00:58:49,3529
99,2019-11-10,10.82,00:58:52,3532
100,2019-11-13,10.82,01:00:33,3633
101,2019-11-15,10.82,01:03:12,3792
102,2019-11-16,10.82,01:00:55,3655
103,2019-11-20,6.08,00:36:42,2202
104,2019-11-21,6.11,00:34:19,2059
105,2019-11-22,6.17,00:34:12,2052
106,2019-11-24,4.44,00:25:50,1550
107,2019-11-25,3.24,00:17:44,1064
108,2019-11-26,5.41,00:30:26,1826
109,2019-11-27,4.59,00:24:53,1493
110,2019-12-01,10.82,00:58:54,3534
111,2019-12-14,8.31,00:52:11,3131
112,2019-12-15,10.82,01:00:35,3635
113,2019-12-18,10.82,01:01:44,3704
114,2019-12-20,10.82,01:02:50,3770
115,2019-12-22,10.82,01:01:08,3668
116,2019-12-24,10.82,00:59:52,3592
117,2019-12-25,10.82,01:03:14,3794
118,2019-12-26,4.33,00:26:32,1592
119,2019-12-27,7.28,00:41:41,2501
120,2019-12-28,5.38,00:31:28,1888
1,2020-01-01,7.2,00:40:08,2408
2,2020-01-02,10.82,01:01:10,3670
3,2020-01-06,10.82,01:02:43,3763
4,2020-01-09,10.82,01:03:54,3834
5,2020-01-15,10.82,01:01:13,3673
6,2020-01-17,10.82,01:02:18,3738
7,2020-01-21,10.82,01:01:05,3665
8,2020-01-26,10.82,01:01:25,3685
9,2020-01-28,10.82,01:01:24,3684
10,2020-01-29,7.43,00:41:41,2501
11,2020-02-04,11.73,01:11:14,4274
12,2020-02-06,10.82,01:01:23,3683
13,2020-02-09,11.6,01:04:56,3896
14,2020-02-15,11.6,01:05:22,3922
15,2020-02-20,10.82,01:01:20,3680
16,2020-02-22,10.82,00:58:58,3538
17,2020-02-23,10.82,00:58:28,3508
18,2020-02-24,11.94,01:08:19,4099
19,2020-02-27,10.82,01:01:46,3706
20,2020-03-01,10.82,01:01:27,3687
21,2020-03-04,10.82,01:01:20,3680
22,2020-03-07,10.82,00:59:46,3586
23,2020-03-08,10.82,01:00:02,3602
24,2020-03-11,10.82,01:00:13,3613
25,2020-03-14,10.82,00:58:56,3536
26,2020-03-17,10.82,00:59:03,3543
27,2020-03-18,10.82,01:01:12,3672
28,2020-03-19,14.68,01:22:44,4964
29,2020-04-01,10.82,00:56:01,3361
30,2020-04-04,10.82,00:53:32,3212
31,2020-04-07,10.82,01:00:23,3623
32,2020-04-09,10.82,01:08:13,4093
33,2020-04-16,10.82,01:00:10,3610
34,2020-04-19,10.82,00:59:33,3573
35,2020-04-22,10.82,01:00:21,3621
36,2020-04-27,10.82,01:01:15,3675
37,2020-04-28,14.06,01:20:21,4821